{
  "rules": {
    "admins": {
      ".read": "auth != null && root.child('admins').child(auth.uid).exists()",
      ".write": false
    },
    "places": {
      ".read": true,
      ".write": "auth != null && root.child('admins').child(auth.uid).exists()"
    },
    "userProfiles": {
      "$uid": {
        ".read": "auth != null && auth.uid === $uid",
        ".write": "auth != null && auth.uid === $uid"
      }
    },
    "publicUserProfiles": {
      ".read": "auth != null",
      "$uid": {
        ".write": "auth != null && auth.uid === $uid"
      }
    },
    "userBucketLists": {
      "$uid": {
        ".read": "auth != null && auth.uid === $uid",
        ".write": "auth != null && auth.uid === $uid"
      }
    },
    "placeInterestBySchool": {
      ".read": "auth != null",
      "$schoolId": {
        "$placeId": {
          "$userId": {
            ".write": "auth != null && auth.uid === $userId"
          }
        }
      }
    },
    "events": {
      ".read": "auth != null", // More granular read control can be added if needed
      "$eventId": {
        ".read": "auth != null && root.child('publicUserProfiles').child(auth.uid).child('school').val() === data.child('schoolId').val()",
        ".write": "auth != null && (!data.exists() || data.child('createdBy').child('uid').val() === auth.uid)"
      }
    },
    "eventAttendees": {
      "$eventId": {
        ".read": "auth != null",
        "$userId": {
          // A user can only write to their own RSVP entry.
          ".write": "auth != null && auth.uid === $userId"
        }
      }
    },
    "eventComments": {
       "$eventId": {
         ".read": "auth != null",
         ".indexOn": ["createdAt"],
         "$commentId": {
           ".write": "auth != null && (!data.exists() || data.child('createdBy/uid').val() === auth.uid)",
           ".validate": "newData.hasChildren(['id', 'text', 'createdAt', 'createdBy']) && newData.child('createdBy').hasChildren(['uid', 'firstName', 'photoURL'])"
         }
       }
    },
    ".read": false,
    ".write": false
  }
}